Time Series Search Export,Search term,Search filters,,Last update of Effective exchange rates data,Downloaded at,Source,Source URL,Download URL,About Effective exchange rates
,,,,2025-09-25,2025-09-25 05:38 CEST,BIS,"https://data.bis.org/topics/EER/BIS,WS_EER,1.0/M.R.B.US?","https://data.bis.org/topics/EER/BIS,WS_EER,1.0/M.R.B.US?&file_format=csv&format=long&split_frequencies=false&transposed=false&include=code%2Clabel",https://data.bis.org/topics/EER

DATAFLOW_ID:Dataflow ID,KEY:Timeseries Key,FREQ:Frequency,EER_TYPE:Type,EER_BASKET:Basket,REF_AREA:Reference area,Unit,Unit multiplier,TIME_PERIOD:Period,OBS_CONF:Confidentiality,OBS_PRE_BREAK:Pre-break value,OBS_STATUS:Status,OBS_VALUE:Value
"BIS,WS_EER,1.0",M.R.B.US,M:Monthly,R:Real,B:Broad (64 economies),US:United States,"Index, 2020 = 100",,1994-01-31,F:Free,,A:Normal value,88.69
"BIS,WS_EER,1.0",M.R.B.US,M:Monthly,R:Real,B:Broad (64 economies),US:United States,"Index, 2020 = 100",,1994-02-28,F:Free,,A:Normal value,88.2
"BIS,WS_EER,1.0",M.R.B.US,M:Monthly,R:Real,B:Broad (64 economies),US:United States,"Index, 2020 = 100",,1994-03-31,F:Free,,A:Normal value,88.3
"BIS,WS_EER,1.0",M.R.B.US,M:Monthly,R:Real,B:Broad (64 economies),US:United States,"Index, 2020 = 100",,1994-04-30,F:Free,,A:Normal value,88.22
"BIS,WS_EER,1.0",M.R.B.US,M:Monthly,R:Real,B:Broad (64 economies),US:United States,"Index, 2020 = 100",,1994-05-31,F:Free,,A:Normal value,87.45
"BIS,WS_EER,1.0",M.R.B.US,M:Monthly,R:Real,B:Broad (64 economies),US:United States,"Index, 2020 = 100",,1994-06-30,F:Free,,A:Normal value,87.15
"BIS,WS_EER,1.0",M.R.B.US,M:Monthly,R:Real,B:Broad (64 economies),US:United States,"Index, 2020 = 100",,1994-07-31,F:Free,,A:Normal value,85.97
"BIS,WS_EER,1.0",M.R.B.US,M:Monthly,R:Real,B:Broad (64 economies),US:United States,"Index, 2020 = 100",,1994-08-31,F:Free,,A:Normal value,85.74
"BIS,WS_EER,1.0",M.R.B.US,M:Monthly,R:Real,B:Broad (64 economies),US:United States,"Index, 2020 = 100",,1994-09-30,F:Free,,A:Normal value,84.76
"BIS,WS_EER,1.0",M.R.B.US,M:Monthly,R:Real,B:Broad (64 economies),US:United States,"Index, 2020 = 100",,1994-10-31,F:Free,,A:Normal value,84.08
"BIS,WS_EER,1.0",M.R.B.US,M:Monthly,R:Real,B:Broad (64 economies),US:United States,"Index, 2020 = 100",,1994-11-30,F:Free,,A:Normal value,84.27
"BIS,WS_EER,1.0",M.R.B.US,M:Monthly,R:Real,B:Broad (64 economies),US:United States,"Index, 2020 = 100",,1994-12-31,F:Free,,A:Normal value,86.13
"BIS,WS_EER,1.0",M.R.B.US,M:Monthly,R:Real,B:Broad (64 economies),US:United States,"Index, 2020 = 100",,1995-01-31,F:Free,,A:Normal value,88.03
"BIS,WS_EER,1.0",M.R.B.US,M:Monthly,R:Real,B:Broad (64 economies),US:United States,"Index, 2020 = 100",,1995-02-28,F:Free,,A:Normal value,87.26
"BIS,WS_EER,1.0",M.R.B.US,M:Monthly,R:Real,B:Broad (64 economies),US:United States,"Index, 2020 = 100",,1995-03-31,F:Free,,A:Normal value,86.03
"BIS,WS_EER,1.0",M.R.B.US,M:Monthly,R:Real,B:Broad (64 economies),US:United States,"Index, 2020 = 100",,1995-04-30,F:Free,,A:Normal value,82.62
"BIS,WS_EER,1.0",M.R.B.US,M:Monthly,R:Real,B:Broad (64 economies),US:United States,"Index, 2020 = 100",,1995-05-31,F:Free,,A:Normal value,82.18
"BIS,WS_EER,1.0",M.R.B.US,M:Monthly,R:Real,B:Broad (64 economies),US:United States,"Index, 2020 = 100",,1995-06-30,F:Free,,A:Normal value,82.23
"BIS,WS_EER,1.0",M.R.B.US,M:Monthly,R:Real,B:Broad (64 economies),US:United States,"Index, 2020 = 100",,1995-07-31,F:Free,,A:Normal value,82.2
"BIS,WS_EER,1.0",M.R.B.US,M:Monthly,R:Real,B:Broad (64 economies),US:United States,"Index, 2020 = 100",,1995-08-31,F:Free,,A:Normal value,84.25
"BIS,WS_EER,1.0",M.R.B.US,M:Monthly,R:Real,B:Broad (64 economies),US:United States,"Index, 2020 = 100",,1995-09-30,F:Free,,A:Normal value,85.23
"BIS,WS_EER,1.0",M.R.B.US,M:Monthly,R:Real,B:Broad (64 economies),US:United States,"Index, 2020 = 100",,1995-10-31,F:Free,,A:Normal value,85.24
"BIS,WS_EER,1.0",M.R.B.US,M:Monthly,R:Real,B:Broad (64 economies),US:United States,"Index, 2020 = 100",,1995-11-30,F:Free,,A:Normal value,86.19
"BIS,WS_EER,1.0",M.R.B.US,M:Monthly,R:Real,B:Broad (64 economies),US:United States,"Index, 2020 = 100",,1995-12-31,F:Free,,A:Normal value,86.37
"BIS,WS_EER,1.0",M.R.B.US,M:Monthly,R:Real,B:Broad (64 economies),US:United States,"Index, 2020 = 100",,1996-01-31,F:Free,,A:Normal value,86.81
"BIS,WS_EER,1.0",M.R.B.US,M:Monthly,R:Real,B:Broad (64 economies),US:United States,"Index, 2020 = 100",,1996-02-29,F:Free,,A:Normal value,86.79
"BIS,WS_EER,1.0",M.R.B.US,M:Monthly,R:Real,B:Broad (64 economies),US:United States,"Index, 2020 = 100",,1996-03-31,F:Free,,A:Normal value,86.84
"BIS,WS_EER,1.0",M.R.B.US,M:Monthly,R:Real,B:Broad (64 economies),US:United States,"Index, 2020 = 100",,1996-04-30,F:Free,,A:Normal value,86.68
"BIS,WS_EER,1.0",M.R.B.US,M:Monthly,R:Real,B:Broad (64 economies),US:United States,"Index, 2020 = 100",,1996-05-31,F:Free,,A:Normal value,86.8
"BIS,WS_EER,1.0",M.R.B.US,M:Monthly,R:Real,B:Broad (64 economies),US:United States,"Index, 2020 = 100",,1996-06-30,F:Free,,A:Normal value,87.1
"BIS,WS_EER,1.0",M.R.B.US,M:Monthly,R:Real,B:Broad (64 economies),US:United States,"Index, 2020 = 100",,1996-07-31,F:Free,,A:Normal value,87.15
"BIS,WS_EER,1.0",M.R.B.US,M:Monthly,R:Real,B:Broad (64 economies),US:United States,"Index, 2020 = 100",,1996-08-31,F:Free,,A:Normal value,86.53
"BIS,WS_EER,1.0",M.R.B.US,M:Monthly,R:Real,B:Broad (64 economies),US:United States,"Index, 2020 = 100",,1996-09-30,F:Free,,A:Normal value,86.85
"BIS,WS_EER,1.0",M.R.B.US,M:Monthly,R:Real,B:Broad (64 economies),US:United States,"Index, 2020 = 100",,1996-10-31,F:Free,,A:Normal value,87.39
"BIS,WS_EER,1.0",M.R.B.US,M:Monthly,R:Real,B:Broad (64 economies),US:United States,"Index, 2020 = 100",,1996-11-30,F:Free,,A:Normal value,86.98
"BIS,WS_EER,1.0",M.R.B.US,M:Monthly,R:Real,B:Broad (64 economies),US:United States,"Index, 2020 = 100",,1996-12-31,F:Free,,A:Normal value,87.5
"BIS,WS_EER,1.0",M.R.B.US,M:Monthly,R:Real,B:Broad (64 economies),US:United States,"Index, 2020 = 100",,1997-01-31,F:Free,,A:Normal value,88.24
"BIS,WS_EER,1.0",M.R.B.US,M:Monthly,R:Real,B:Broad (64 economies),US:United States,"Index, 2020 = 100",,1997-02-28,F:Free,,A:Normal value,89.74
"BIS,WS_EER,1.0",M.R.B.US,M:Monthly,R:Real,B:Broad (64 economies),US:United States,"Index, 2020 = 100",,1997-03-31,F:Free,,A:Normal value,90.58
"BIS,WS_EER,1.0",M.R.B.US,M:Monthly,R:Real,B:Broad (64 economies),US:United States,"Index, 2020 = 100",,1997-04-30,F:Free,,A:Normal value,90.79
"BIS,WS_EER,1.0",M.R.B.US,M:Monthly,R:Real,B:Broad (64 economies),US:United States,"Index, 2020 = 100",,1997-05-31,F:Free,,A:Normal value,89.49
"BIS,WS_EER,1.0",M.R.B.US,M:Monthly,R:Real,B:Broad (64 economies),US:United States,"Index, 2020 = 100",,1997-06-30,F:Free,,A:Normal value,89.18
"BIS,WS_EER,1.0",M.R.B.US,M:Monthly,R:Real,B:Broad (64 economies),US:United States,"Index, 2020 = 100",,1997-07-31,F:Free,,A:Normal value,90.13
"BIS,WS_EER,1.0",M.R.B.US,M:Monthly,R:Real,B:Broad (64 economies),US:United States,"Index, 2020 = 100",,1997-08-31,F:Free,,A:Normal value,91.67
"BIS,WS_EER,1.0",M.R.B.US,M:Monthly,R:Real,B:Broad (64 economies),US:United States,"Index, 2020 = 100",,1997-09-30,F:Free,,A:Normal value,91.81
"BIS,WS_EER,1.0",M.R.B.US,M:Monthly,R:Real,B:Broad (64 economies),US:United States,"Index, 2020 = 100",,1997-10-31,F:Free,,A:Normal value,92.27
"BIS,WS_EER,1.0",M.R.B.US,M:Monthly,R:Real,B:Broad (64 economies),US:United States,"Index, 2020 = 100",,1997-11-30,F:Free,,A:Normal value,93.8
"BIS,WS_EER,1.0",M.R.B.US,M:Monthly,R:Real,B:Broad (64 economies),US:United States,"Index, 2020 = 100",,1997-12-31,F:Free,,A:Normal value,96.77
"BIS,WS_EER,1.0",M.R.B.US,M:Monthly,R:Real,B:Broad (64 economies),US:United States,"Index, 2020 = 100",,1998-01-31,F:Free,,A:Normal value,99.17
"BIS,WS_EER,1.0",M.R.B.US,M:Monthly,R:Real,B:Broad (64 economies),US:United States,"Index, 2020 = 100",,1998-02-28,F:Free,,A:Normal value,97.66
"BIS,WS_EER,1.0",M.R.B.US,M:Monthly,R:Real,B:Broad (64 economies),US:United States,"Index, 2020 = 100",,1998-03-31,F:Free,,A:Normal value,97.26
"BIS,WS_EER,1.0",M.R.B.US,M:Monthly,R:Real,B:Broad (64 economies),US:United States,"Index, 2020 = 100",,1998-04-30,F:Free,,A:Normal value,97.08
"BIS,WS_EER,1.0",M.R.B.US,M:Monthly,R:Real,B:Broad (64 economies),US:United States,"Index, 2020 = 100",,1998-05-31,F:Free,,A:Normal value,97.78
"BIS,WS_EER,1.0",M.R.B.US,M:Monthly,R:Real,B:Broad (64 economies),US:United States,"Index, 2020 = 100",,1998-06-30,F:Free,,A:Normal value,99.93
"BIS,WS_EER,1.0",M.R.B.US,M:Monthly,R:Real,B:Broad (64 economies),US:United States,"Index, 2020 = 100",,1998-07-31,F:Free,,A:Normal value,100.37
"BIS,WS_EER,1.0",M.R.B.US,M:Monthly,R:Real,B:Broad (64 economies),US:United States,"Index, 2020 = 100",,1998-08-31,F:Free,,A:Normal value,102.12
"BIS,WS_EER,1.0",M.R.B.US,M:Monthly,R:Real,B:Broad (64 economies),US:United States,"Index, 2020 = 100",,1998-09-30,F:Free,,A:Normal value,100.37
"BIS,WS_EER,1.0",M.R.B.US,M:Monthly,R:Real,B:Broad (64 economies),US:United States,"Index, 2020 = 100",,1998-10-31,F:Free,,A:Normal value,97.39
"BIS,WS_EER,1.0",M.R.B.US,M:Monthly,R:Real,B:Broad (64 economies),US:United States,"Index, 2020 = 100",,1998-11-30,F:Free,,A:Normal value,97.07
"BIS,WS_EER,1.0",M.R.B.US,M:Monthly,R:Real,B:Broad (64 economies),US:United States,"Index, 2020 = 100",,1998-12-31,F:Free,,A:Normal value,96.17
"BIS,WS_EER,1.0",M.R.B.US,M:Monthly,R:Real,B:Broad (64 economies),US:United States,"Index, 2020 = 100",,1999-01-31,F:Free,,A:Normal value,96.22
"BIS,WS_EER,1.0",M.R.B.US,M:Monthly,R:Real,B:Broad (64 economies),US:United States,"Index, 2020 = 100",,1999-02-28,F:Free,,A:Normal value,97.24
"BIS,WS_EER,1.0",M.R.B.US,M:Monthly,R:Real,B:Broad (64 economies),US:United States,"Index, 2020 = 100",,1999-03-31,F:Free,,A:Normal value,98.45
"BIS,WS_EER,1.0",M.R.B.US,M:Monthly,R:Real,B:Broad (64 economies),US:United States,"Index, 2020 = 100",,1999-04-30,F:Free,,A:Normal value,98.13
"BIS,WS_EER,1.0",M.R.B.US,M:Monthly,R:Real,B:Broad (64 economies),US:United States,"Index, 2020 = 100",,1999-05-31,F:Free,,A:Normal value,97.89
"BIS,WS_EER,1.0",M.R.B.US,M:Monthly,R:Real,B:Broad (64 economies),US:United States,"Index, 2020 = 100",,1999-06-30,F:Free,,A:Normal value,98.45
"BIS,WS_EER,1.0",M.R.B.US,M:Monthly,R:Real,B:Broad (64 economies),US:United States,"Index, 2020 = 100",,1999-07-31,F:Free,,A:Normal value,98.77
"BIS,WS_EER,1.0",M.R.B.US,M:Monthly,R:Real,B:Broad (64 economies),US:United States,"Index, 2020 = 100",,1999-08-31,F:Free,,A:Normal value,97.65
"BIS,WS_EER,1.0",M.R.B.US,M:Monthly,R:Real,B:Broad (64 economies),US:United States,"Index, 2020 = 100",,1999-09-30,F:Free,,A:Normal value,97.01
"BIS,WS_EER,1.0",M.R.B.US,M:Monthly,R:Real,B:Broad (64 economies),US:United States,"Index, 2020 = 100",,1999-10-31,F:Free,,A:Normal value,96.6
"BIS,WS_EER,1.0",M.R.B.US,M:Monthly,R:Real,B:Broad (64 economies),US:United States,"Index, 2020 = 100",,1999-11-30,F:Free,,A:Normal value,96.81
"BIS,WS_EER,1.0",M.R.B.US,M:Monthly,R:Real,B:Broad (64 economies),US:United States,"Index, 2020 = 100",,1999-12-31,F:Free,,A:Normal value,96.71
"BIS,WS_EER,1.0",M.R.B.US,M:Monthly,R:Real,B:Broad (64 economies),US:United States,"Index, 2020 = 100",,2000-01-31,F:Free,,A:Normal value,96.53
"BIS,WS_EER,1.0",M.R.B.US,M:Monthly,R:Real,B:Broad (64 economies),US:United States,"Index, 2020 = 100",,2000-02-29,F:Free,,A:Normal value,97.93
"BIS,WS_EER,1.0",M.R.B.US,M:Monthly,R:Real,B:Broad (64 economies),US:United States,"Index, 2020 = 100",,2000-03-31,F:Free,,A:Normal value,98.52
"BIS,WS_EER,1.0",M.R.B.US,M:Monthly,R:Real,B:Broad (64 economies),US:United States,"Index, 2020 = 100",,2000-04-30,F:Free,,A:Normal value,98.99
"BIS,WS_EER,1.0",M.R.B.US,M:Monthly,R:Real,B:Broad (64 economies),US:United States,"Index, 2020 = 100",,2000-05-31,F:Free,,A:Normal value,101.33
"BIS,WS_EER,1.0",M.R.B.US,M:Monthly,R:Real,B:Broad (64 economies),US:United States,"Index, 2020 = 100",,2000-06-30,F:Free,,A:Normal value,100.55
"BIS,WS_EER,1.0",M.R.B.US,M:Monthly,R:Real,B:Broad (64 economies),US:United States,"Index, 2020 = 100",,2000-07-31,F:Free,,A:Normal value,100.75
"BIS,WS_EER,1.0",M.R.B.US,M:Monthly,R:Real,B:Broad (64 economies),US:United States,"Index, 2020 = 100",,2000-08-31,F:Free,,A:Normal value,101.28
"BIS,WS_EER,1.0",M.R.B.US,M:Monthly,R:Real,B:Broad (64 economies),US:United States,"Index, 2020 = 100",,2000-09-30,F:Free,,A:Normal value,102.32
"BIS,WS_EER,1.0",M.R.B.US,M:Monthly,R:Real,B:Broad (64 economies),US:United States,"Index, 2020 = 100",,2000-10-31,F:Free,,A:Normal value,103.89
"BIS,WS_EER,1.0",M.R.B.US,M:Monthly,R:Real,B:Broad (64 economies),US:United States,"Index, 2020 = 100",,2000-11-30,F:Free,,A:Normal value,104.41
"BIS,WS_EER,1.0",M.R.B.US,M:Monthly,R:Real,B:Broad (64 economies),US:United States,"Index, 2020 = 100",,2000-12-31,F:Free,,A:Normal value,103.29
"BIS,WS_EER,1.0",M.R.B.US,M:Monthly,R:Real,B:Broad (64 economies),US:United States,"Index, 2020 = 100",,2001-01-31,F:Free,,A:Normal value,103.74
"BIS,WS_EER,1.0",M.R.B.US,M:Monthly,R:Real,B:Broad (64 economies),US:United States,"Index, 2020 = 100",,2001-02-28,F:Free,,A:Normal value,104.58
"BIS,WS_EER,1.0",M.R.B.US,M:Monthly,R:Real,B:Broad (64 economies),US:United States,"Index, 2020 = 100",,2001-03-31,F:Free,,A:Normal value,106.29
"BIS,WS_EER,1.0",M.R.B.US,M:Monthly,R:Real,B:Broad (64 economies),US:United States,"Index, 2020 = 100",,2001-04-30,F:Free,,A:Normal value,107.07
"BIS,WS_EER,1.0",M.R.B.US,M:Monthly,R:Real,B:Broad (64 economies),US:United States,"Index, 2020 = 100",,2001-05-31,F:Free,,A:Normal value,106.93
"BIS,WS_EER,1.0",M.R.B.US,M:Monthly,R:Real,B:Broad (64 economies),US:United States,"Index, 2020 = 100",,2001-06-30,F:Free,,A:Normal value,107.71
"BIS,WS_EER,1.0",M.R.B.US,M:Monthly,R:Real,B:Broad (64 economies),US:United States,"Index, 2020 = 100",,2001-07-31,F:Free,,A:Normal value,108.03
"BIS,WS_EER,1.0",M.R.B.US,M:Monthly,R:Real,B:Broad (64 economies),US:United States,"Index, 2020 = 100",,2001-08-31,F:Free,,A:Normal value,106.17
"BIS,WS_EER,1.0",M.R.B.US,M:Monthly,R:Real,B:Broad (64 economies),US:United States,"Index, 2020 = 100",,2001-09-30,F:Free,,A:Normal value,106.59
"BIS,WS_EER,1.0",M.R.B.US,M:Monthly,R:Real,B:Broad (64 economies),US:United States,"Index, 2020 = 100",,2001-10-31,F:Free,,A:Normal value,106.88
"BIS,WS_EER,1.0",M.R.B.US,M:Monthly,R:Real,B:Broad (64 economies),US:United States,"Index, 2020 = 100",,2001-11-30,F:Free,,A:Normal value,107.39
"BIS,WS_EER,1.0",M.R.B.US,M:Monthly,R:Real,B:Broad (64 economies),US:United States,"Index, 2020 = 100",,2001-12-31,F:Free,,A:Normal value,106.96
"BIS,WS_EER,1.0",M.R.B.US,M:Monthly,R:Real,B:Broad (64 economies),US:United States,"Index, 2020 = 100",,2002-01-31,F:Free,,A:Normal value,108.07
"BIS,WS_EER,1.0",M.R.B.US,M:Monthly,R:Real,B:Broad (64 economies),US:United States,"Index, 2020 = 100",,2002-02-28,F:Free,,A:Normal value,108.74
"BIS,WS_EER,1.0",M.R.B.US,M:Monthly,R:Real,B:Broad (64 economies),US:United States,"Index, 2020 = 100",,2002-03-31,F:Free,,A:Normal value,108.49
"BIS,WS_EER,1.0",M.R.B.US,M:Monthly,R:Real,B:Broad (64 economies),US:United States,"Index, 2020 = 100",,2002-04-30,F:Free,,A:Normal value,108.25
"BIS,WS_EER,1.0",M.R.B.US,M:Monthly,R:Real,B:Broad (64 economies),US:United States,"Index, 2020 = 100",,2002-05-31,F:Free,,A:Normal value,106.73
"BIS,WS_EER,1.0",M.R.B.US,M:Monthly,R:Real,B:Broad (64 economies),US:United States,"Index, 2020 = 100",,2002-06-30,F:Free,,A:Normal value,105.51
"BIS,WS_EER,1.0",M.R.B.US,M:Monthly,R:Real,B:Broad (64 economies),US:United States,"Index, 2020 = 100",,2002-07-31,F:Free,,A:Normal value,104.09
"BIS,WS_EER,1.0",M.R.B.US,M:Monthly,R:Real,B:Broad (64 economies),US:United States,"Index, 2020 = 100",,2002-08-31,F:Free,,A:Normal value,105.32
"BIS,WS_EER,1.0",M.R.B.US,M:Monthly,R:Real,B:Broad (64 economies),US:United States,"Index, 2020 = 100",,2002-09-30,F:Free,,A:Normal value,105.82
"BIS,WS_EER,1.0",M.R.B.US,M:Monthly,R:Real,B:Broad (64 economies),US:United States,"Index, 2020 = 100",,2002-10-31,F:Free,,A:Normal value,106.58
"BIS,WS_EER,1.0",M.R.B.US,M:Monthly,R:Real,B:Broad (64 economies),US:United States,"Index, 2020 = 100",,2002-11-30,F:Free,,A:Normal value,105.22
"BIS,WS_EER,1.0",M.R.B.US,M:Monthly,R:Real,B:Broad (64 economies),US:United States,"Index, 2020 = 100",,2002-12-31,F:Free,,A:Normal value,104.29
"BIS,WS_EER,1.0",M.R.B.US,M:Monthly,R:Real,B:Broad (64 economies),US:United States,"Index, 2020 = 100",,2003-01-31,F:Free,,A:Normal value,102.93
"BIS,WS_EER,1.0",M.R.B.US,M:Monthly,R:Real,B:Broad (64 economies),US:United States,"Index, 2020 = 100",,2003-02-28,F:Free,,A:Normal value,103.25
"BIS,WS_EER,1.0",M.R.B.US,M:Monthly,R:Real,B:Broad (64 economies),US:United States,"Index, 2020 = 100",,2003-03-31,F:Free,,A:Normal value,103.12
"BIS,WS_EER,1.0",M.R.B.US,M:Monthly,R:Real,B:Broad (64 economies),US:United States,"Index, 2020 = 100",,2003-04-30,F:Free,,A:Normal value,102.1
"BIS,WS_EER,1.0",M.R.B.US,M:Monthly,R:Real,B:Broad (64 economies),US:United States,"Index, 2020 = 100",,2003-05-31,F:Free,,A:Normal value,98.46
"BIS,WS_EER,1.0",M.R.B.US,M:Monthly,R:Real,B:Broad (64 economies),US:United States,"Index, 2020 = 100",,2003-06-30,F:Free,,A:Normal value,98.45
"BIS,WS_EER,1.0",M.R.B.US,M:Monthly,R:Real,B:Broad (64 economies),US:United States,"Index, 2020 = 100",,2003-07-31,F:Free,,A:Normal value,99.52
"BIS,WS_EER,1.0",M.R.B.US,M:Monthly,R:Real,B:Broad (64 economies),US:United States,"Index, 2020 = 100",,2003-08-31,F:Free,,A:Normal value,100.88
"BIS,WS_EER,1.0",M.R.B.US,M:Monthly,R:Real,B:Broad (64 economies),US:United States,"Index, 2020 = 100",,2003-09-30,F:Free,,A:Normal value,99.77
"BIS,WS_EER,1.0",M.R.B.US,M:Monthly,R:Real,B:Broad (64 economies),US:United States,"Index, 2020 = 100",,2003-10-31,F:Free,,A:Normal value,97.48
"BIS,WS_EER,1.0",M.R.B.US,M:Monthly,R:Real,B:Broad (64 economies),US:United States,"Index, 2020 = 100",,2003-11-30,F:Free,,A:Normal value,96.78
"BIS,WS_EER,1.0",M.R.B.US,M:Monthly,R:Real,B:Broad (64 economies),US:United States,"Index, 2020 = 100",,2003-12-31,F:Free,,A:Normal value,95.12
"BIS,WS_EER,1.0",M.R.B.US,M:Monthly,R:Real,B:Broad (64 economies),US:United States,"Index, 2020 = 100",,2004-01-31,F:Free,,A:Normal value,93.76
"BIS,WS_EER,1.0",M.R.B.US,M:Monthly,R:Real,B:Broad (64 economies),US:United States,"Index, 2020 = 100",,2004-02-29,F:Free,,A:Normal value,94.43
"BIS,WS_EER,1.0",M.R.B.US,M:Monthly,R:Real,B:Broad (64 economies),US:United States,"Index, 2020 = 100",,2004-03-31,F:Free,,A:Normal value,95.68
"BIS,WS_EER,1.0",M.R.B.US,M:Monthly,R:Real,B:Broad (64 economies),US:United States,"Index, 2020 = 100",,2004-04-30,F:Free,,A:Normal value,96.37
"BIS,WS_EER,1.0",M.R.B.US,M:Monthly,R:Real,B:Broad (64 economies),US:United States,"Index, 2020 = 100",,2004-05-31,F:Free,,A:Normal value,98.26
"BIS,WS_EER,1.0",M.R.B.US,M:Monthly,R:Real,B:Broad (64 economies),US:United States,"Index, 2020 = 100",,2004-06-30,F:Free,,A:Normal value,97.6
"BIS,WS_EER,1.0",M.R.B.US,M:Monthly,R:Real,B:Broad (64 economies),US:United States,"Index, 2020 = 100",,2004-07-31,F:Free,,A:Normal value,96.68
"BIS,WS_EER,1.0",M.R.B.US,M:Monthly,R:Real,B:Broad (64 economies),US:United States,"Index, 2020 = 100",,2004-08-31,F:Free,,A:Normal value,96.75
"BIS,WS_EER,1.0",M.R.B.US,M:Monthly,R:Real,B:Broad (64 economies),US:United States,"Index, 2020 = 100",,2004-09-30,F:Free,,A:Normal value,96.2
"BIS,WS_EER,1.0",M.R.B.US,M:Monthly,R:Real,B:Broad (64 economies),US:United States,"Index, 2020 = 100",,2004-10-31,F:Free,,A:Normal value,95.04
"BIS,WS_EER,1.0",M.R.B.US,M:Monthly,R:Real,B:Broad (64 economies),US:United States,"Index, 2020 = 100",,2004-11-30,F:Free,,A:Normal value,92.41
"BIS,WS_EER,1.0",M.R.B.US,M:Monthly,R:Real,B:Broad (64 economies),US:United States,"Index, 2020 = 100",,2004-12-31,F:Free,,A:Normal value,90.9
"BIS,WS_EER,1.0",M.R.B.US,M:Monthly,R:Real,B:Broad (64 economies),US:United States,"Index, 2020 = 100",,2005-01-31,F:Free,,A:Normal value,91.59
"BIS,WS_EER,1.0",M.R.B.US,M:Monthly,R:Real,B:Broad (64 economies),US:United States,"Index, 2020 = 100",,2005-02-28,F:Free,,A:Normal value,91.77
"BIS,WS_EER,1.0",M.R.B.US,M:Monthly,R:Real,B:Broad (64 economies),US:United States,"Index, 2020 = 100",,2005-03-31,F:Free,,A:Normal value,91.69
"BIS,WS_EER,1.0",M.R.B.US,M:Monthly,R:Real,B:Broad (64 economies),US:United States,"Index, 2020 = 100",,2005-04-30,F:Free,,A:Normal value,92.95
"BIS,WS_EER,1.0",M.R.B.US,M:Monthly,R:Real,B:Broad (64 economies),US:United States,"Index, 2020 = 100",,2005-05-31,F:Free,,A:Normal value,93.19
"BIS,WS_EER,1.0",M.R.B.US,M:Monthly,R:Real,B:Broad (64 economies),US:United States,"Index, 2020 = 100",,2005-06-30,F:Free,,A:Normal value,94.3
"BIS,WS_EER,1.0",M.R.B.US,M:Monthly,R:Real,B:Broad (64 economies),US:United States,"Index, 2020 = 100",,2005-07-31,F:Free,,A:Normal value,94.92
"BIS,WS_EER,1.0",M.R.B.US,M:Monthly,R:Real,B:Broad (64 economies),US:United States,"Index, 2020 = 100",,2005-08-31,F:Free,,A:Normal value,93.94
"BIS,WS_EER,1.0",M.R.B.US,M:Monthly,R:Real,B:Broad (64 economies),US:United States,"Index, 2020 = 100",,2005-09-30,F:Free,,A:Normal value,94.51
"BIS,WS_EER,1.0",M.R.B.US,M:Monthly,R:Real,B:Broad (64 economies),US:United States,"Index, 2020 = 100",,2005-10-31,F:Free,,A:Normal value,95.61
"BIS,WS_EER,1.0",M.R.B.US,M:Monthly,R:Real,B:Broad (64 economies),US:United States,"Index, 2020 = 100",,2005-11-30,F:Free,,A:Normal value,95.56
"BIS,WS_EER,1.0",M.R.B.US,M:Monthly,R:Real,B:Broad (64 economies),US:United States,"Index, 2020 = 100",,2005-12-31,F:Free,,A:Normal value,94.38
"BIS,WS_EER,1.0",M.R.B.US,M:Monthly,R:Real,B:Broad (64 economies),US:United States,"Index, 2020 = 100",,2006-01-31,F:Free,,A:Normal value,93.51
"BIS,WS_EER,1.0",M.R.B.US,M:Monthly,R:Real,B:Broad (64 economies),US:United States,"Index, 2020 = 100",,2006-02-28,F:Free,,A:Normal value,93.66
"BIS,WS_EER,1.0",M.R.B.US,M:Monthly,R:Real,B:Broad (64 economies),US:United States,"Index, 2020 = 100",,2006-03-31,F:Free,,A:Normal value,94.23
"BIS,WS_EER,1.0",M.R.B.US,M:Monthly,R:Real,B:Broad (64 economies),US:United States,"Index, 2020 = 100",,2006-04-30,F:Free,,A:Normal value,93.95
"BIS,WS_EER,1.0",M.R.B.US,M:Monthly,R:Real,B:Broad (64 economies),US:United States,"Index, 2020 = 100",,2006-05-31,F:Free,,A:Normal value,92.28
"BIS,WS_EER,1.0",M.R.B.US,M:Monthly,R:Real,B:Broad (64 economies),US:United States,"Index, 2020 = 100",,2006-06-30,F:Free,,A:Normal value,93.74
"BIS,WS_EER,1.0",M.R.B.US,M:Monthly,R:Real,B:Broad (64 economies),US:United States,"Index, 2020 = 100",,2006-07-31,F:Free,,A:Normal value,93.7
"BIS,WS_EER,1.0",M.R.B.US,M:Monthly,R:Real,B:Broad (64 economies),US:United States,"Index, 2020 = 100",,2006-08-31,F:Free,,A:Normal value,93.02
"BIS,WS_EER,1.0",M.R.B.US,M:Monthly,R:Real,B:Broad (64 economies),US:United States,"Index, 2020 = 100",,2006-09-30,F:Free,,A:Normal value,92.63
"BIS,WS_EER,1.0",M.R.B.US,M:Monthly,R:Real,B:Broad (64 economies),US:United States,"Index, 2020 = 100",,2006-10-31,F:Free,,A:Normal value,92.44
"BIS,WS_EER,1.0",M.R.B.US,M:Monthly,R:Real,B:Broad (64 economies),US:United States,"Index, 2020 = 100",,2006-11-30,F:Free,,A:Normal value,91.31
"BIS,WS_EER,1.0",M.R.B.US,M:Monthly,R:Real,B:Broad (64 economies),US:United States,"Index, 2020 = 100",,2006-12-31,F:Free,,A:Normal value,90.24
"BIS,WS_EER,1.0",M.R.B.US,M:Monthly,R:Real,B:Broad (64 economies),US:United States,"Index, 2020 = 100",,2007-01-31,F:Free,,A:Normal value,91.45
"BIS,WS_EER,1.0",M.R.B.US,M:Monthly,R:Real,B:Broad (64 economies),US:United States,"Index, 2020 = 100",,2007-02-28,F:Free,,A:Normal value,91.23
"BIS,WS_EER,1.0",M.R.B.US,M:Monthly,R:Real,B:Broad (64 economies),US:United States,"Index, 2020 = 100",,2007-03-31,F:Free,,A:Normal value,91.31
"BIS,WS_EER,1.0",M.R.B.US,M:Monthly,R:Real,B:Broad (64 economies),US:United States,"Index, 2020 = 100",,2007-04-30,F:Free,,A:Normal value,90.38
"BIS,WS_EER,1.0",M.R.B.US,M:Monthly,R:Real,B:Broad (64 economies),US:United States,"Index, 2020 = 100",,2007-05-31,F:Free,,A:Normal value,90.0
"BIS,WS_EER,1.0",M.R.B.US,M:Monthly,R:Real,B:Broad (64 economies),US:United States,"Index, 2020 = 100",,2007-06-30,F:Free,,A:Normal value,89.9
"BIS,WS_EER,1.0",M.R.B.US,M:Monthly,R:Real,B:Broad (64 economies),US:United States,"Index, 2020 = 100",,2007-07-31,F:Free,,A:Normal value,88.51
"BIS,WS_EER,1.0",M.R.B.US,M:Monthly,R:Real,B:Broad (64 economies),US:United States,"Index, 2020 = 100",,2007-08-31,F:Free,,A:Normal value,88.48
"BIS,WS_EER,1.0",M.R.B.US,M:Monthly,R:Real,B:Broad (64 economies),US:United States,"Index, 2020 = 100",,2007-09-30,F:Free,,A:Normal value,87.21
"BIS,WS_EER,1.0",M.R.B.US,M:Monthly,R:Real,B:Broad (64 economies),US:United States,"Index, 2020 = 100",,2007-10-31,F:Free,,A:Normal value,85.32
"BIS,WS_EER,1.0",M.R.B.US,M:Monthly,R:Real,B:Broad (64 economies),US:United States,"Index, 2020 = 100",,2007-11-30,F:Free,,A:Normal value,84.04
"BIS,WS_EER,1.0",M.R.B.US,M:Monthly,R:Real,B:Broad (64 economies),US:United States,"Index, 2020 = 100",,2007-12-31,F:Free,,A:Normal value,84.43
"BIS,WS_EER,1.0",M.R.B.US,M:Monthly,R:Real,B:Broad (64 economies),US:United States,"Index, 2020 = 100",,2008-01-31,F:Free,,A:Normal value,83.9
"BIS,WS_EER,1.0",M.R.B.US,M:Monthly,R:Real,B:Broad (64 economies),US:United States,"Index, 2020 = 100",,2008-02-29,F:Free,,A:Normal value,82.76
"BIS,WS_EER,1.0",M.R.B.US,M:Monthly,R:Real,B:Broad (64 economies),US:United States,"Index, 2020 = 100",,2008-03-31,F:Free,,A:Normal value,81.49
"BIS,WS_EER,1.0",M.R.B.US,M:Monthly,R:Real,B:Broad (64 economies),US:United States,"Index, 2020 = 100",,2008-04-30,F:Free,,A:Normal value,81.27
"BIS,WS_EER,1.0",M.R.B.US,M:Monthly,R:Real,B:Broad (64 economies),US:United States,"Index, 2020 = 100",,2008-05-31,F:Free,,A:Normal value,81.88
"BIS,WS_EER,1.0",M.R.B.US,M:Monthly,R:Real,B:Broad (64 economies),US:United States,"Index, 2020 = 100",,2008-06-30,F:Free,,A:Normal value,82.41
"BIS,WS_EER,1.0",M.R.B.US,M:Monthly,R:Real,B:Broad (64 economies),US:United States,"Index, 2020 = 100",,2008-07-31,F:Free,,A:Normal value,81.92
"BIS,WS_EER,1.0",M.R.B.US,M:Monthly,R:Real,B:Broad (64 economies),US:United States,"Index, 2020 = 100",,2008-08-31,F:Free,,A:Normal value,83.57
"BIS,WS_EER,1.0",M.R.B.US,M:Monthly,R:Real,B:Broad (64 economies),US:United States,"Index, 2020 = 100",,2008-09-30,F:Free,,A:Normal value,85.33
"BIS,WS_EER,1.0",M.R.B.US,M:Monthly,R:Real,B:Broad (64 economies),US:United States,"Index, 2020 = 100",,2008-10-31,F:Free,,A:Normal value,90.14
"BIS,WS_EER,1.0",M.R.B.US,M:Monthly,R:Real,B:Broad (64 economies),US:United States,"Index, 2020 = 100",,2008-11-30,F:Free,,A:Normal value,91.08
"BIS,WS_EER,1.0",M.R.B.US,M:Monthly,R:Real,B:Broad (64 economies),US:United States,"Index, 2020 = 100",,2008-12-31,F:Free,,A:Normal value,89.56
"BIS,WS_EER,1.0",M.R.B.US,M:Monthly,R:Real,B:Broad (64 economies),US:United States,"Index, 2020 = 100",,2009-01-31,F:Free,,A:Normal value,90.47
"BIS,WS_EER,1.0",M.R.B.US,M:Monthly,R:Real,B:Broad (64 economies),US:United States,"Index, 2020 = 100",,2009-02-28,F:Free,,A:Normal value,92.92
"BIS,WS_EER,1.0",M.R.B.US,M:Monthly,R:Real,B:Broad (64 economies),US:United States,"Index, 2020 = 100",,2009-03-31,F:Free,,A:Normal value,93.46
"BIS,WS_EER,1.0",M.R.B.US,M:Monthly,R:Real,B:Broad (64 economies),US:United States,"Index, 2020 = 100",,2009-04-30,F:Free,,A:Normal value,91.27
"BIS,WS_EER,1.0",M.R.B.US,M:Monthly,R:Real,B:Broad (64 economies),US:United States,"Index, 2020 = 100",,2009-05-31,F:Free,,A:Normal value,88.7
"BIS,WS_EER,1.0",M.R.B.US,M:Monthly,R:Real,B:Broad (64 economies),US:United States,"Index, 2020 = 100",,2009-06-30,F:Free,,A:Normal value,88.35
"BIS,WS_EER,1.0",M.R.B.US,M:Monthly,R:Real,B:Broad (64 economies),US:United States,"Index, 2020 = 100",,2009-07-31,F:Free,,A:Normal value,87.97
"BIS,WS_EER,1.0",M.R.B.US,M:Monthly,R:Real,B:Broad (64 economies),US:United States,"Index, 2020 = 100",,2009-08-31,F:Free,,A:Normal value,86.75
"BIS,WS_EER,1.0",M.R.B.US,M:Monthly,R:Real,B:Broad (64 economies),US:United States,"Index, 2020 = 100",,2009-09-30,F:Free,,A:Normal value,85.98
"BIS,WS_EER,1.0",M.R.B.US,M:Monthly,R:Real,B:Broad (64 economies),US:United States,"Index, 2020 = 100",,2009-10-31,F:Free,,A:Normal value,84.75
"BIS,WS_EER,1.0",M.R.B.US,M:Monthly,R:Real,B:Broad (64 economies),US:United States,"Index, 2020 = 100",,2009-11-30,F:Free,,A:Normal value,84.17
"BIS,WS_EER,1.0",M.R.B.US,M:Monthly,R:Real,B:Broad (64 economies),US:United States,"Index, 2020 = 100",,2009-12-31,F:Free,,A:Normal value,84.11
"BIS,WS_EER,1.0",M.R.B.US,M:Monthly,R:Real,B:Broad (64 economies),US:United States,"Index, 2020 = 100",,2010-01-31,F:Free,,A:Normal value,84.38
"BIS,WS_EER,1.0",M.R.B.US,M:Monthly,R:Real,B:Broad (64 economies),US:United States,"Index, 2020 = 100",,2010-02-28,F:Free,,A:Normal value,85.16
"BIS,WS_EER,1.0",M.R.B.US,M:Monthly,R:Real,B:Broad (64 economies),US:United States,"Index, 2020 = 100",,2010-03-31,F:Free,,A:Normal value,84.68
"BIS,WS_EER,1.0",M.R.B.US,M:Monthly,R:Real,B:Broad (64 economies),US:United States,"Index, 2020 = 100",,2010-04-30,F:Free,,A:Normal value,84.22
"BIS,WS_EER,1.0",M.R.B.US,M:Monthly,R:Real,B:Broad (64 economies),US:United States,"Index, 2020 = 100",,2010-05-31,F:Free,,A:Normal value,86.74
"BIS,WS_EER,1.0",M.R.B.US,M:Monthly,R:Real,B:Broad (64 economies),US:United States,"Index, 2020 = 100",,2010-06-30,F:Free,,A:Normal value,87.36
"BIS,WS_EER,1.0",M.R.B.US,M:Monthly,R:Real,B:Broad (64 economies),US:United States,"Index, 2020 = 100",,2010-07-31,F:Free,,A:Normal value,85.85
"BIS,WS_EER,1.0",M.R.B.US,M:Monthly,R:Real,B:Broad (64 economies),US:United States,"Index, 2020 = 100",,2010-08-31,F:Free,,A:Normal value,84.97
"BIS,WS_EER,1.0",M.R.B.US,M:Monthly,R:Real,B:Broad (64 economies),US:United States,"Index, 2020 = 100",,2010-09-30,F:Free,,A:Normal value,83.95
"BIS,WS_EER,1.0",M.R.B.US,M:Monthly,R:Real,B:Broad (64 economies),US:United States,"Index, 2020 = 100",,2010-10-31,F:Free,,A:Normal value,81.26
"BIS,WS_EER,1.0",M.R.B.US,M:Monthly,R:Real,B:Broad (64 economies),US:United States,"Index, 2020 = 100",,2010-11-30,F:Free,,A:Normal value,81.21
"BIS,WS_EER,1.0",M.R.B.US,M:Monthly,R:Real,B:Broad (64 economies),US:United States,"Index, 2020 = 100",,2010-12-31,F:Free,,A:Normal value,81.7
"BIS,WS_EER,1.0",M.R.B.US,M:Monthly,R:Real,B:Broad (64 economies),US:United States,"Index, 2020 = 100",,2011-01-31,F:Free,,A:Normal value,80.91
"BIS,WS_EER,1.0",M.R.B.US,M:Monthly,R:Real,B:Broad (64 economies),US:United States,"Index, 2020 = 100",,2011-02-28,F:Free,,A:Normal value,80.24
"BIS,WS_EER,1.0",M.R.B.US,M:Monthly,R:Real,B:Broad (64 economies),US:United States,"Index, 2020 = 100",,2011-03-31,F:Free,,A:Normal value,79.88
"BIS,WS_EER,1.0",M.R.B.US,M:Monthly,R:Real,B:Broad (64 economies),US:United States,"Index, 2020 = 100",,2011-04-30,F:Free,,A:Normal value,78.83
"BIS,WS_EER,1.0",M.R.B.US,M:Monthly,R:Real,B:Broad (64 economies),US:United States,"Index, 2020 = 100",,2011-05-31,F:Free,,A:Normal value,78.99
"BIS,WS_EER,1.0",M.R.B.US,M:Monthly,R:Real,B:Broad (64 economies),US:United States,"Index, 2020 = 100",,2011-06-30,F:Free,,A:Normal value,78.96
"BIS,WS_EER,1.0",M.R.B.US,M:Monthly,R:Real,B:Broad (64 economies),US:United States,"Index, 2020 = 100",,2011-07-31,F:Free,,A:Normal value,78.44
"BIS,WS_EER,1.0",M.R.B.US,M:Monthly,R:Real,B:Broad (64 economies),US:United States,"Index, 2020 = 100",,2011-08-31,F:Free,,A:Normal value,78.86
"BIS,WS_EER,1.0",M.R.B.US,M:Monthly,R:Real,B:Broad (64 economies),US:United States,"Index, 2020 = 100",,2011-09-30,F:Free,,A:Normal value,80.98
"BIS,WS_EER,1.0",M.R.B.US,M:Monthly,R:Real,B:Broad (64 economies),US:United States,"Index, 2020 = 100",,2011-10-31,F:Free,,A:Normal value,81.47
"BIS,WS_EER,1.0",M.R.B.US,M:Monthly,R:Real,B:Broad (64 economies),US:United States,"Index, 2020 = 100",,2011-11-30,F:Free,,A:Normal value,81.79
"BIS,WS_EER,1.0",M.R.B.US,M:Monthly,R:Real,B:Broad (64 economies),US:United States,"Index, 2020 = 100",,2011-12-31,F:Free,,A:Normal value,82.1
"BIS,WS_EER,1.0",M.R.B.US,M:Monthly,R:Real,B:Broad (64 economies),US:United States,"Index, 2020 = 100",,2012-01-31,F:Free,,A:Normal value,81.82
"BIS,WS_EER,1.0",M.R.B.US,M:Monthly,R:Real,B:Broad (64 economies),US:United States,"Index, 2020 = 100",,2012-02-29,F:Free,,A:Normal value,80.5
"BIS,WS_EER,1.0",M.R.B.US,M:Monthly,R:Real,B:Broad (64 economies),US:United States,"Index, 2020 = 100",,2012-03-31,F:Free,,A:Normal value,81.22
"BIS,WS_EER,1.0",M.R.B.US,M:Monthly,R:Real,B:Broad (64 economies),US:United States,"Index, 2020 = 100",,2012-04-30,F:Free,,A:Normal value,81.56
"BIS,WS_EER,1.0",M.R.B.US,M:Monthly,R:Real,B:Broad (64 economies),US:United States,"Index, 2020 = 100",,2012-05-31,F:Free,,A:Normal value,83.02
"BIS,WS_EER,1.0",M.R.B.US,M:Monthly,R:Real,B:Broad (64 economies),US:United States,"Index, 2020 = 100",,2012-06-30,F:Free,,A:Normal value,84.19
"BIS,WS_EER,1.0",M.R.B.US,M:Monthly,R:Real,B:Broad (64 economies),US:United States,"Index, 2020 = 100",,2012-07-31,F:Free,,A:Normal value,83.64
"BIS,WS_EER,1.0",M.R.B.US,M:Monthly,R:Real,B:Broad (64 economies),US:United States,"Index, 2020 = 100",,2012-08-31,F:Free,,A:Normal value,83.06
"BIS,WS_EER,1.0",M.R.B.US,M:Monthly,R:Real,B:Broad (64 economies),US:United States,"Index, 2020 = 100",,2012-09-30,F:Free,,A:Normal value,81.8
"BIS,WS_EER,1.0",M.R.B.US,M:Monthly,R:Real,B:Broad (64 economies),US:United States,"Index, 2020 = 100",,2012-10-31,F:Free,,A:Normal value,81.32
"BIS,WS_EER,1.0",M.R.B.US,M:Monthly,R:Real,B:Broad (64 economies),US:United States,"Index, 2020 = 100",,2012-11-30,F:Free,,A:Normal value,81.48
"BIS,WS_EER,1.0",M.R.B.US,M:Monthly,R:Real,B:Broad (64 economies),US:United States,"Index, 2020 = 100",,2012-12-31,F:Free,,A:Normal value,80.5
"BIS,WS_EER,1.0",M.R.B.US,M:Monthly,R:Real,B:Broad (64 economies),US:United States,"Index, 2020 = 100",,2013-01-31,F:Free,,A:Normal value,80.7
"BIS,WS_EER,1.0",M.R.B.US,M:Monthly,R:Real,B:Broad (64 economies),US:United States,"Index, 2020 = 100",,2013-02-28,F:Free,,A:Normal value,81.38
"BIS,WS_EER,1.0",M.R.B.US,M:Monthly,R:Real,B:Broad (64 economies),US:United States,"Index, 2020 = 100",,2013-03-31,F:Free,,A:Normal value,82.27
"BIS,WS_EER,1.0",M.R.B.US,M:Monthly,R:Real,B:Broad (64 economies),US:United States,"Index, 2020 = 100",,2013-04-30,F:Free,,A:Normal value,81.79
"BIS,WS_EER,1.0",M.R.B.US,M:Monthly,R:Real,B:Broad (64 economies),US:United States,"Index, 2020 = 100",,2013-05-31,F:Free,,A:Normal value,82.38
"BIS,WS_EER,1.0",M.R.B.US,M:Monthly,R:Real,B:Broad (64 economies),US:United States,"Index, 2020 = 100",,2013-06-30,F:Free,,A:Normal value,83.07
"BIS,WS_EER,1.0",M.R.B.US,M:Monthly,R:Real,B:Broad (64 economies),US:United States,"Index, 2020 = 100",,2013-07-31,F:Free,,A:Normal value,83.52
"BIS,WS_EER,1.0",M.R.B.US,M:Monthly,R:Real,B:Broad (64 economies),US:United States,"Index, 2020 = 100",,2013-08-31,F:Free,,A:Normal value,83.26
"BIS,WS_EER,1.0",M.R.B.US,M:Monthly,R:Real,B:Broad (64 economies),US:United States,"Index, 2020 = 100",,2013-09-30,F:Free,,A:Normal value,82.86
"BIS,WS_EER,1.0",M.R.B.US,M:Monthly,R:Real,B:Broad (64 economies),US:United States,"Index, 2020 = 100",,2013-10-31,F:Free,,A:Normal value,81.7
"BIS,WS_EER,1.0",M.R.B.US,M:Monthly,R:Real,B:Broad (64 economies),US:United States,"Index, 2020 = 100",,2013-11-30,F:Free,,A:Normal value,82.11
"BIS,WS_EER,1.0",M.R.B.US,M:Monthly,R:Real,B:Broad (64 economies),US:United States,"Index, 2020 = 100",,2013-12-31,F:Free,,A:Normal value,82.06
"BIS,WS_EER,1.0",M.R.B.US,M:Monthly,R:Real,B:Broad (64 economies),US:United States,"Index, 2020 = 100",,2014-01-31,F:Free,,A:Normal value,82.96
"BIS,WS_EER,1.0",M.R.B.US,M:Monthly,R:Real,B:Broad (64 economies),US:United States,"Index, 2020 = 100",,2014-02-28,F:Free,,A:Normal value,83.04
"BIS,WS_EER,1.0",M.R.B.US,M:Monthly,R:Real,B:Broad (64 economies),US:United States,"Index, 2020 = 100",,2014-03-31,F:Free,,A:Normal value,83.33
"BIS,WS_EER,1.0",M.R.B.US,M:Monthly,R:Real,B:Broad (64 economies),US:United States,"Index, 2020 = 100",,2014-04-30,F:Free,,A:Normal value,83.17
"BIS,WS_EER,1.0",M.R.B.US,M:Monthly,R:Real,B:Broad (64 economies),US:United States,"Index, 2020 = 100",,2014-05-31,F:Free,,A:Normal value,83.1
"BIS,WS_EER,1.0",M.R.B.US,M:Monthly,R:Real,B:Broad (64 economies),US:United States,"Index, 2020 = 100",,2014-06-30,F:Free,,A:Normal value,83.38
"BIS,WS_EER,1.0",M.R.B.US,M:Monthly,R:Real,B:Broad (64 economies),US:United States,"Index, 2020 = 100",,2014-07-31,F:Free,,A:Normal value,83.14
"BIS,WS_EER,1.0",M.R.B.US,M:Monthly,R:Real,B:Broad (64 economies),US:United States,"Index, 2020 = 100",,2014-08-31,F:Free,,A:Normal value,83.61
"BIS,WS_EER,1.0",M.R.B.US,M:Monthly,R:Real,B:Broad (64 economies),US:United States,"Index, 2020 = 100",,2014-09-30,F:Free,,A:Normal value,84.63
"BIS,WS_EER,1.0",M.R.B.US,M:Monthly,R:Real,B:Broad (64 economies),US:United States,"Index, 2020 = 100",,2014-10-31,F:Free,,A:Normal value,85.4
"BIS,WS_EER,1.0",M.R.B.US,M:Monthly,R:Real,B:Broad (64 economies),US:United States,"Index, 2020 = 100",,2014-11-30,F:Free,,A:Normal value,86.34
"BIS,WS_EER,1.0",M.R.B.US,M:Monthly,R:Real,B:Broad (64 economies),US:United States,"Index, 2020 = 100",,2014-12-31,F:Free,,A:Normal value,87.77
"BIS,WS_EER,1.0",M.R.B.US,M:Monthly,R:Real,B:Broad (64 economies),US:United States,"Index, 2020 = 100",,2015-01-31,F:Free,,A:Normal value,89.45
"BIS,WS_EER,1.0",M.R.B.US,M:Monthly,R:Real,B:Broad (64 economies),US:United States,"Index, 2020 = 100",,2015-02-28,F:Free,,A:Normal value,90.55
"BIS,WS_EER,1.0",M.R.B.US,M:Monthly,R:Real,B:Broad (64 economies),US:United States,"Index, 2020 = 100",,2015-03-31,F:Free,,A:Normal value,92.44
"BIS,WS_EER,1.0",M.R.B.US,M:Monthly,R:Real,B:Broad (64 economies),US:United States,"Index, 2020 = 100",,2015-04-30,F:Free,,A:Normal value,91.93
"BIS,WS_EER,1.0",M.R.B.US,M:Monthly,R:Real,B:Broad (64 economies),US:United States,"Index, 2020 = 100",,2015-05-31,F:Free,,A:Normal value,91.52
"BIS,WS_EER,1.0",M.R.B.US,M:Monthly,R:Real,B:Broad (64 economies),US:United States,"Index, 2020 = 100",,2015-06-30,F:Free,,A:Normal value,92.4
"BIS,WS_EER,1.0",M.R.B.US,M:Monthly,R:Real,B:Broad (64 economies),US:United States,"Index, 2020 = 100",,2015-07-31,F:Free,,A:Normal value,93.87
"BIS,WS_EER,1.0",M.R.B.US,M:Monthly,R:Real,B:Broad (64 economies),US:United States,"Index, 2020 = 100",,2015-08-31,F:Free,,A:Normal value,95.19
"BIS,WS_EER,1.0",M.R.B.US,M:Monthly,R:Real,B:Broad (64 economies),US:United States,"Index, 2020 = 100",,2015-09-30,F:Free,,A:Normal value,95.55
"BIS,WS_EER,1.0",M.R.B.US,M:Monthly,R:Real,B:Broad (64 economies),US:United States,"Index, 2020 = 100",,2015-10-31,F:Free,,A:Normal value,94.62
"BIS,WS_EER,1.0",M.R.B.US,M:Monthly,R:Real,B:Broad (64 economies),US:United States,"Index, 2020 = 100",,2015-11-30,F:Free,,A:Normal value,95.95
"BIS,WS_EER,1.0",M.R.B.US,M:Monthly,R:Real,B:Broad (64 economies),US:United States,"Index, 2020 = 100",,2015-12-31,F:Free,,A:Normal value,96.42
"BIS,WS_EER,1.0",M.R.B.US,M:Monthly,R:Real,B:Broad (64 economies),US:United States,"Index, 2020 = 100",,2016-01-31,F:Free,,A:Normal value,98.74
"BIS,WS_EER,1.0",M.R.B.US,M:Monthly,R:Real,B:Broad (64 economies),US:United States,"Index, 2020 = 100",,2016-02-29,F:Free,,A:Normal value,97.36
"BIS,WS_EER,1.0",M.R.B.US,M:Monthly,R:Real,B:Broad (64 economies),US:United States,"Index, 2020 = 100",,2016-03-31,F:Free,,A:Normal value,95.73
"BIS,WS_EER,1.0",M.R.B.US,M:Monthly,R:Real,B:Broad (64 economies),US:United States,"Index, 2020 = 100",,2016-04-30,F:Free,,A:Normal value,94.5
"BIS,WS_EER,1.0",M.R.B.US,M:Monthly,R:Real,B:Broad (64 economies),US:United States,"Index, 2020 = 100",,2016-05-31,F:Free,,A:Normal value,95.82
"BIS,WS_EER,1.0",M.R.B.US,M:Monthly,R:Real,B:Broad (64 economies),US:United States,"Index, 2020 = 100",,2016-06-30,F:Free,,A:Normal value,96.44
"BIS,WS_EER,1.0",M.R.B.US,M:Monthly,R:Real,B:Broad (64 economies),US:United States,"Index, 2020 = 100",,2016-07-31,F:Free,,A:Normal value,96.85
"BIS,WS_EER,1.0",M.R.B.US,M:Monthly,R:Real,B:Broad (64 economies),US:United States,"Index, 2020 = 100",,2016-08-31,F:Free,,A:Normal value,95.99
"BIS,WS_EER,1.0",M.R.B.US,M:Monthly,R:Real,B:Broad (64 economies),US:United States,"Index, 2020 = 100",,2016-09-30,F:Free,,A:Normal value,96.61
"BIS,WS_EER,1.0",M.R.B.US,M:Monthly,R:Real,B:Broad (64 economies),US:United States,"Index, 2020 = 100",,2016-10-31,F:Free,,A:Normal value,97.39
"BIS,WS_EER,1.0",M.R.B.US,M:Monthly,R:Real,B:Broad (64 economies),US:United States,"Index, 2020 = 100",,2016-11-30,F:Free,,A:Normal value,99.66
"BIS,WS_EER,1.0",M.R.B.US,M:Monthly,R:Real,B:Broad (64 economies),US:United States,"Index, 2020 = 100",,2016-12-31,F:Free,,A:Normal value,101.16
"BIS,WS_EER,1.0",M.R.B.US,M:Monthly,R:Real,B:Broad (64 economies),US:United States,"Index, 2020 = 100",,2017-01-31,F:Free,,A:Normal value,101.35
"BIS,WS_EER,1.0",M.R.B.US,M:Monthly,R:Real,B:Broad (64 economies),US:United States,"Index, 2020 = 100",,2017-02-28,F:Free,,A:Normal value,99.84
"BIS,WS_EER,1.0",M.R.B.US,M:Monthly,R:Real,B:Broad (64 economies),US:United States,"Index, 2020 = 100",,2017-03-31,F:Free,,A:Normal value,99.29
"BIS,WS_EER,1.0",M.R.B.US,M:Monthly,R:Real,B:Broad (64 economies),US:United States,"Index, 2020 = 100",,2017-04-30,F:Free,,A:Normal value,98.55
"BIS,WS_EER,1.0",M.R.B.US,M:Monthly,R:Real,B:Broad (64 economies),US:United States,"Index, 2020 = 100",,2017-05-31,F:Free,,A:Normal value,98.14
"BIS,WS_EER,1.0",M.R.B.US,M:Monthly,R:Real,B:Broad (64 economies),US:United States,"Index, 2020 = 100",,2017-06-30,F:Free,,A:Normal value,96.85
"BIS,WS_EER,1.0",M.R.B.US,M:Monthly,R:Real,B:Broad (64 economies),US:United States,"Index, 2020 = 100",,2017-07-31,F:Free,,A:Normal value,95.47
"BIS,WS_EER,1.0",M.R.B.US,M:Monthly,R:Real,B:Broad (64 economies),US:United States,"Index, 2020 = 100",,2017-08-31,F:Free,,A:Normal value,94.27
"BIS,WS_EER,1.0",M.R.B.US,M:Monthly,R:Real,B:Broad (64 economies),US:United States,"Index, 2020 = 100",,2017-09-30,F:Free,,A:Normal value,93.58
"BIS,WS_EER,1.0",M.R.B.US,M:Monthly,R:Real,B:Broad (64 economies),US:United States,"Index, 2020 = 100",,2017-10-31,F:Free,,A:Normal value,95.04
"BIS,WS_EER,1.0",M.R.B.US,M:Monthly,R:Real,B:Broad (64 economies),US:United States,"Index, 2020 = 100",,2017-11-30,F:Free,,A:Normal value,95.02
"BIS,WS_EER,1.0",M.R.B.US,M:Monthly,R:Real,B:Broad (64 economies),US:United States,"Index, 2020 = 100",,2017-12-31,F:Free,,A:Normal value,94.38
"BIS,WS_EER,1.0",M.R.B.US,M:Monthly,R:Real,B:Broad (64 economies),US:United States,"Index, 2020 = 100",,2018-01-31,F:Free,,A:Normal value,92.7
"BIS,WS_EER,1.0",M.R.B.US,M:Monthly,R:Real,B:Broad (64 economies),US:United States,"Index, 2020 = 100",,2018-02-28,F:Free,,A:Normal value,91.69
"BIS,WS_EER,1.0",M.R.B.US,M:Monthly,R:Real,B:Broad (64 economies),US:United States,"Index, 2020 = 100",,2018-03-31,F:Free,,A:Normal value,92.18
"BIS,WS_EER,1.0",M.R.B.US,M:Monthly,R:Real,B:Broad (64 economies),US:United States,"Index, 2020 = 100",,2018-04-30,F:Free,,A:Normal value,92.43
"BIS,WS_EER,1.0",M.R.B.US,M:Monthly,R:Real,B:Broad (64 economies),US:United States,"Index, 2020 = 100",,2018-05-31,F:Free,,A:Normal value,95.3
"BIS,WS_EER,1.0",M.R.B.US,M:Monthly,R:Real,B:Broad (64 economies),US:United States,"Index, 2020 = 100",,2018-06-30,F:Free,,A:Normal value,96.91
"BIS,WS_EER,1.0",M.R.B.US,M:Monthly,R:Real,B:Broad (64 economies),US:United States,"Index, 2020 = 100",,2018-07-31,F:Free,,A:Normal value,97.16
"BIS,WS_EER,1.0",M.R.B.US,M:Monthly,R:Real,B:Broad (64 economies),US:United States,"Index, 2020 = 100",,2018-08-31,F:Free,,A:Normal value,97.63
"BIS,WS_EER,1.0",M.R.B.US,M:Monthly,R:Real,B:Broad (64 economies),US:United States,"Index, 2020 = 100",,2018-09-30,F:Free,,A:Normal value,97.62
"BIS,WS_EER,1.0",M.R.B.US,M:Monthly,R:Real,B:Broad (64 economies),US:United States,"Index, 2020 = 100",,2018-10-31,F:Free,,A:Normal value,98.16
"BIS,WS_EER,1.0",M.R.B.US,M:Monthly,R:Real,B:Broad (64 economies),US:United States,"Index, 2020 = 100",,2018-11-30,F:Free,,A:Normal value,99.04
"BIS,WS_EER,1.0",M.R.B.US,M:Monthly,R:Real,B:Broad (64 economies),US:United States,"Index, 2020 = 100",,2018-12-31,F:Free,,A:Normal value,98.55
"BIS,WS_EER,1.0",M.R.B.US,M:Monthly,R:Real,B:Broad (64 economies),US:United States,"Index, 2020 = 100",,2019-01-31,F:Free,,A:Normal value,97.4
"BIS,WS_EER,1.0",M.R.B.US,M:Monthly,R:Real,B:Broad (64 economies),US:United States,"Index, 2020 = 100",,2019-02-28,F:Free,,A:Normal value,97.11
"BIS,WS_EER,1.0",M.R.B.US,M:Monthly,R:Real,B:Broad (64 economies),US:United States,"Index, 2020 = 100",,2019-03-31,F:Free,,A:Normal value,97.69
"BIS,WS_EER,1.0",M.R.B.US,M:Monthly,R:Real,B:Broad (64 economies),US:United States,"Index, 2020 = 100",,2019-04-30,F:Free,,A:Normal value,98.02
"BIS,WS_EER,1.0",M.R.B.US,M:Monthly,R:Real,B:Broad (64 economies),US:United States,"Index, 2020 = 100",,2019-05-31,F:Free,,A:Normal value,99.12
"BIS,WS_EER,1.0",M.R.B.US,M:Monthly,R:Real,B:Broad (64 economies),US:United States,"Index, 2020 = 100",,2019-06-30,F:Free,,A:Normal value,98.76
"BIS,WS_EER,1.0",M.R.B.US,M:Monthly,R:Real,B:Broad (64 economies),US:United States,"Index, 2020 = 100",,2019-07-31,F:Free,,A:Normal value,98.38
"BIS,WS_EER,1.0",M.R.B.US,M:Monthly,R:Real,B:Broad (64 economies),US:United States,"Index, 2020 = 100",,2019-08-31,F:Free,,A:Normal value,99.98
"BIS,WS_EER,1.0",M.R.B.US,M:Monthly,R:Real,B:Broad (64 economies),US:United States,"Index, 2020 = 100",,2019-09-30,F:Free,,A:Normal value,100.11
"BIS,WS_EER,1.0",M.R.B.US,M:Monthly,R:Real,B:Broad (64 economies),US:United States,"Index, 2020 = 100",,2019-10-31,F:Free,,A:Normal value,99.42
"BIS,WS_EER,1.0",M.R.B.US,M:Monthly,R:Real,B:Broad (64 economies),US:United States,"Index, 2020 = 100",,2019-11-30,F:Free,,A:Normal value,98.89
"BIS,WS_EER,1.0",M.R.B.US,M:Monthly,R:Real,B:Broad (64 economies),US:United States,"Index, 2020 = 100",,2019-12-31,F:Free,,A:Normal value,98.12
"BIS,WS_EER,1.0",M.R.B.US,M:Monthly,R:Real,B:Broad (64 economies),US:United States,"Index, 2020 = 100",,2020-01-31,F:Free,,A:Normal value,97.65
"BIS,WS_EER,1.0",M.R.B.US,M:Monthly,R:Real,B:Broad (64 economies),US:United States,"Index, 2020 = 100",,2020-02-29,F:Free,,A:Normal value,98.76
"BIS,WS_EER,1.0",M.R.B.US,M:Monthly,R:Real,B:Broad (64 economies),US:United States,"Index, 2020 = 100",,2020-03-31,F:Free,,A:Normal value,102.42
"BIS,WS_EER,1.0",M.R.B.US,M:Monthly,R:Real,B:Broad (64 economies),US:United States,"Index, 2020 = 100",,2020-04-30,F:Free,,A:Normal value,104.41
"BIS,WS_EER,1.0",M.R.B.US,M:Monthly,R:Real,B:Broad (64 economies),US:United States,"Index, 2020 = 100",,2020-05-31,F:Free,,A:Normal value,103.91
"BIS,WS_EER,1.0",M.R.B.US,M:Monthly,R:Real,B:Broad (64 economies),US:United States,"Index, 2020 = 100",,2020-06-30,F:Free,,A:Normal value,101.77
"BIS,WS_EER,1.0",M.R.B.US,M:Monthly,R:Real,B:Broad (64 economies),US:United States,"Index, 2020 = 100",,2020-07-31,F:Free,,A:Normal value,101.24
"BIS,WS_EER,1.0",M.R.B.US,M:Monthly,R:Real,B:Broad (64 economies),US:United States,"Index, 2020 = 100",,2020-08-31,F:Free,,A:Normal value,99.94
"BIS,WS_EER,1.0",M.R.B.US,M:Monthly,R:Real,B:Broad (64 economies),US:United States,"Index, 2020 = 100",,2020-09-30,F:Free,,A:Normal value,99.25
"BIS,WS_EER,1.0",M.R.B.US,M:Monthly,R:Real,B:Broad (64 economies),US:United States,"Index, 2020 = 100",,2020-10-31,F:Free,,A:Normal value,98.56
"BIS,WS_EER,1.0",M.R.B.US,M:Monthly,R:Real,B:Broad (64 economies),US:United States,"Index, 2020 = 100",,2020-11-30,F:Free,,A:Normal value,97.02
"BIS,WS_EER,1.0",M.R.B.US,M:Monthly,R:Real,B:Broad (64 economies),US:United States,"Index, 2020 = 100",,2020-12-31,F:Free,,A:Normal value,95.06
"BIS,WS_EER,1.0",M.R.B.US,M:Monthly,R:Real,B:Broad (64 economies),US:United States,"Index, 2020 = 100",,2021-01-31,F:Free,,A:Normal value,94.62
"BIS,WS_EER,1.0",M.R.B.US,M:Monthly,R:Real,B:Broad (64 economies),US:United States,"Index, 2020 = 100",,2021-02-28,F:Free,,A:Normal value,94.99
"BIS,WS_EER,1.0",M.R.B.US,M:Monthly,R:Real,B:Broad (64 economies),US:United States,"Index, 2020 = 100",,2021-03-31,F:Free,,A:Normal value,96.76
"BIS,WS_EER,1.0",M.R.B.US,M:Monthly,R:Real,B:Broad (64 economies),US:United States,"Index, 2020 = 100",,2021-04-30,F:Free,,A:Normal value,96.82
"BIS,WS_EER,1.0",M.R.B.US,M:Monthly,R:Real,B:Broad (64 economies),US:United States,"Index, 2020 = 100",,2021-05-31,F:Free,,A:Normal value,96.22
"BIS,WS_EER,1.0",M.R.B.US,M:Monthly,R:Real,B:Broad (64 economies),US:United States,"Index, 2020 = 100",,2021-06-30,F:Free,,A:Normal value,97.19
"BIS,WS_EER,1.0",M.R.B.US,M:Monthly,R:Real,B:Broad (64 economies),US:United States,"Index, 2020 = 100",,2021-07-31,F:Free,,A:Normal value,98.56
"BIS,WS_EER,1.0",M.R.B.US,M:Monthly,R:Real,B:Broad (64 economies),US:United States,"Index, 2020 = 100",,2021-08-31,F:Free,,A:Normal value,98.78
"BIS,WS_EER,1.0",M.R.B.US,M:Monthly,R:Real,B:Broad (64 economies),US:United States,"Index, 2020 = 100",,2021-09-30,F:Free,,A:Normal value,98.68
"BIS,WS_EER,1.0",M.R.B.US,M:Monthly,R:Real,B:Broad (64 economies),US:United States,"Index, 2020 = 100",,2021-10-31,F:Free,,A:Normal value,99.5
"BIS,WS_EER,1.0",M.R.B.US,M:Monthly,R:Real,B:Broad (64 economies),US:United States,"Index, 2020 = 100",,2021-11-30,F:Free,,A:Normal value,100.31
"BIS,WS_EER,1.0",M.R.B.US,M:Monthly,R:Real,B:Broad (64 economies),US:United States,"Index, 2020 = 100",,2021-12-31,F:Free,,A:Normal value,101.02
"BIS,WS_EER,1.0",M.R.B.US,M:Monthly,R:Real,B:Broad (64 economies),US:United States,"Index, 2020 = 100",,2022-01-31,F:Free,,A:Normal value,100.89
"BIS,WS_EER,1.0",M.R.B.US,M:Monthly,R:Real,B:Broad (64 economies),US:United States,"Index, 2020 = 100",,2022-02-28,F:Free,,A:Normal value,100.82
"BIS,WS_EER,1.0",M.R.B.US,M:Monthly,R:Real,B:Broad (64 economies),US:United States,"Index, 2020 = 100",,2022-03-31,F:Free,,A:Normal value,102.44
"BIS,WS_EER,1.0",M.R.B.US,M:Monthly,R:Real,B:Broad (64 economies),US:United States,"Index, 2020 = 100",,2022-04-30,F:Free,,A:Normal value,103.16
"BIS,WS_EER,1.0",M.R.B.US,M:Monthly,R:Real,B:Broad (64 economies),US:United States,"Index, 2020 = 100",,2022-05-31,F:Free,,A:Normal value,106.18
"BIS,WS_EER,1.0",M.R.B.US,M:Monthly,R:Real,B:Broad (64 economies),US:United States,"Index, 2020 = 100",,2022-06-30,F:Free,,A:Normal value,107.42
"BIS,WS_EER,1.0",M.R.B.US,M:Monthly,R:Real,B:Broad (64 economies),US:United States,"Index, 2020 = 100",,2022-07-31,F:Free,,A:Normal value,109.2
"BIS,WS_EER,1.0",M.R.B.US,M:Monthly,R:Real,B:Broad (64 economies),US:United States,"Index, 2020 = 100",,2022-08-31,F:Free,,A:Normal value,108.69
"BIS,WS_EER,1.0",M.R.B.US,M:Monthly,R:Real,B:Broad (64 economies),US:United States,"Index, 2020 = 100",,2022-09-30,F:Free,,A:Normal value,111.26
"BIS,WS_EER,1.0",M.R.B.US,M:Monthly,R:Real,B:Broad (64 economies),US:United States,"Index, 2020 = 100",,2022-10-31,F:Free,,A:Normal value,112.99
"BIS,WS_EER,1.0",M.R.B.US,M:Monthly,R:Real,B:Broad (64 economies),US:United States,"Index, 2020 = 100",,2022-11-30,F:Free,,A:Normal value,110.18
"BIS,WS_EER,1.0",M.R.B.US,M:Monthly,R:Real,B:Broad (64 economies),US:United States,"Index, 2020 = 100",,2022-12-31,F:Free,,A:Normal value,107.44
"BIS,WS_EER,1.0",M.R.B.US,M:Monthly,R:Real,B:Broad (64 economies),US:United States,"Index, 2020 = 100",,2023-01-31,F:Free,,A:Normal value,105.69
"BIS,WS_EER,1.0",M.R.B.US,M:Monthly,R:Real,B:Broad (64 economies),US:United States,"Index, 2020 = 100",,2023-02-28,F:Free,,A:Normal value,106.2
"BIS,WS_EER,1.0",M.R.B.US,M:Monthly,R:Real,B:Broad (64 economies),US:United States,"Index, 2020 = 100",,2023-03-31,F:Free,,A:Normal value,106.83
"BIS,WS_EER,1.0",M.R.B.US,M:Monthly,R:Real,B:Broad (64 economies),US:United States,"Index, 2020 = 100",,2023-04-30,F:Free,,A:Normal value,105.96
"BIS,WS_EER,1.0",M.R.B.US,M:Monthly,R:Real,B:Broad (64 economies),US:United States,"Index, 2020 = 100",,2023-05-31,F:Free,,A:Normal value,106.76
"BIS,WS_EER,1.0",M.R.B.US,M:Monthly,R:Real,B:Broad (64 economies),US:United States,"Index, 2020 = 100",,2023-06-30,F:Free,,A:Normal value,107.25
"BIS,WS_EER,1.0",M.R.B.US,M:Monthly,R:Real,B:Broad (64 economies),US:United States,"Index, 2020 = 100",,2023-07-31,F:Free,,A:Normal value,106.24
"BIS,WS_EER,1.0",M.R.B.US,M:Monthly,R:Real,B:Broad (64 economies),US:United States,"Index, 2020 = 100",,2023-08-31,F:Free,,A:Normal value,107.71
"BIS,WS_EER,1.0",M.R.B.US,M:Monthly,R:Real,B:Broad (64 economies),US:United States,"Index, 2020 = 100",,2023-09-30,F:Free,,A:Normal value,109.13
"BIS,WS_EER,1.0",M.R.B.US,M:Monthly,R:Real,B:Broad (64 economies),US:United States,"Index, 2020 = 100",,2023-10-31,F:Free,,A:Normal value,110.46
"BIS,WS_EER,1.0",M.R.B.US,M:Monthly,R:Real,B:Broad (64 economies),US:United States,"Index, 2020 = 100",,2023-11-30,F:Free,,A:Normal value,108.43
"BIS,WS_EER,1.0",M.R.B.US,M:Monthly,R:Real,B:Broad (64 economies),US:United States,"Index, 2020 = 100",,2023-12-31,F:Free,,A:Normal value,106.66
"BIS,WS_EER,1.0",M.R.B.US,M:Monthly,R:Real,B:Broad (64 economies),US:United States,"Index, 2020 = 100",,2024-01-31,F:Free,,A:Normal value,107.42
"BIS,WS_EER,1.0",M.R.B.US,M:Monthly,R:Real,B:Broad (64 economies),US:United States,"Index, 2020 = 100",,2024-02-29,F:Free,,A:Normal value,108.05
"BIS,WS_EER,1.0",M.R.B.US,M:Monthly,R:Real,B:Broad (64 economies),US:United States,"Index, 2020 = 100",,2024-03-31,F:Free,,A:Normal value,108.39
"BIS,WS_EER,1.0",M.R.B.US,M:Monthly,R:Real,B:Broad (64 economies),US:United States,"Index, 2020 = 100",,2024-04-30,F:Free,,A:Normal value,109.69
"BIS,WS_EER,1.0",M.R.B.US,M:Monthly,R:Real,B:Broad (64 economies),US:United States,"Index, 2020 = 100",,2024-05-31,F:Free,,A:Normal value,109.53
"BIS,WS_EER,1.0",M.R.B.US,M:Monthly,R:Real,B:Broad (64 economies),US:United States,"Index, 2020 = 100",,2024-06-30,F:Free,,A:Normal value,111.03
"BIS,WS_EER,1.0",M.R.B.US,M:Monthly,R:Real,B:Broad (64 economies),US:United States,"Index, 2020 = 100",,2024-07-31,F:Free,,A:Normal value,110.39
"BIS,WS_EER,1.0",M.R.B.US,M:Monthly,R:Real,B:Broad (64 economies),US:United States,"Index, 2020 = 100",,2024-08-31,F:Free,,A:Normal value,109.33
"BIS,WS_EER,1.0",M.R.B.US,M:Monthly,R:Real,B:Broad (64 economies),US:United States,"Index, 2020 = 100",,2024-09-30,F:Free,,A:Normal value,108.78
"BIS,WS_EER,1.0",M.R.B.US,M:Monthly,R:Real,B:Broad (64 economies),US:United States,"Index, 2020 = 100",,2024-10-31,F:Free,,A:Normal value,110.01
"BIS,WS_EER,1.0",M.R.B.US,M:Monthly,R:Real,B:Broad (64 economies),US:United States,"Index, 2020 = 100",,2024-11-30,F:Free,,A:Normal value,112.51
"BIS,WS_EER,1.0",M.R.B.US,M:Monthly,R:Real,B:Broad (64 economies),US:United States,"Index, 2020 = 100",,2024-12-31,F:Free,,A:Normal value,113.44
"BIS,WS_EER,1.0",M.R.B.US,M:Monthly,R:Real,B:Broad (64 economies),US:United States,"Index, 2020 = 100",,2025-01-31,F:Free,,A:Normal value,115.1
"BIS,WS_EER,1.0",M.R.B.US,M:Monthly,R:Real,B:Broad (64 economies),US:United States,"Index, 2020 = 100",,2025-02-28,F:Free,,A:Normal value,114.22
"BIS,WS_EER,1.0",M.R.B.US,M:Monthly,R:Real,B:Broad (64 economies),US:United States,"Index, 2020 = 100",,2025-03-31,F:Free,,A:Normal value,112.91
"BIS,WS_EER,1.0",M.R.B.US,M:Monthly,R:Real,B:Broad (64 economies),US:United States,"Index, 2020 = 100",,2025-04-30,F:Free,,A:Normal value,111.39
"BIS,WS_EER,1.0",M.R.B.US,M:Monthly,R:Real,B:Broad (64 economies),US:United States,"Index, 2020 = 100",,2025-05-31,F:Free,,A:Normal value,109.9
"BIS,WS_EER,1.0",M.R.B.US,M:Monthly,R:Real,B:Broad (64 economies),US:United States,"Index, 2020 = 100",,2025-06-30,F:Free,,A:Normal value,108.71
"BIS,WS_EER,1.0",M.R.B.US,M:Monthly,R:Real,B:Broad (64 economies),US:United States,"Index, 2020 = 100",,2025-07-31,F:Free,,A:Normal value,108.04
"BIS,WS_EER,1.0",M.R.B.US,M:Monthly,R:Real,B:Broad (64 economies),US:United States,"Index, 2020 = 100",,2025-08-31,F:Free,,A:Normal value,108.68
